alpha,tune_NDCG,test_NDCG
0.1,0.012725612054742923,0.009353036726264535
0.5,0.013213896211264791,0.009262247678920388
1.0,0.012706552145637972,0.00935793951822278
