HitRate_1,HitRate_10,NDCG_10,Coverage_10,dim
0.007858546168958742,0.07956777996070727,0.009403870410051071,0.04304808193022045,8
0.007858546168958742,0.07858546168958742,0.009278790667398512,0.04296129144245791,16
0.007858546168958742,0.07956777996070727,0.009396857858438353,0.04322166290574553,32
0.0068762278978389,0.07956777996070727,0.009262247678920388,0.04322166290574553,64
